Method,Separation Factor,Iteration,SSE,Max Eval,Total Run Time
1A,1.0,34,11.301864402956358,100,5.47
1B,0.1,69,0.0057772608710695,100,10.0
2A,0.5,26,0.003012985483022,100,39.2
2B,0.3,39,0.0028950024415381,100,436.00000000000006
2C,0.5,5,0.1980623108752654,8,4.92
