,Run Number,BO Iter,Best Error,Exploration Bias,Max EI,Theta Max EI,Min Obj,Min Obj Act,Theta Min Obj,Min Obj Cum.,Theta Min Obj Cum.,Time/Iter,EP Method Val,BO Method,Max Evals,Total Run Time,L2 Norm Theta
41,5,1,5.342818885287204,0.6666666666666666,0.0,[-1.19233144  1.25504201],0.8657502734158982,0.07874873136103946,[ 1.0622883  -0.96572155],0.07874873136103946,[ 1.0622883  -0.96572155],0.149519681930542,3,A1,2,0.299039363861084,0.07109742621297405
