,Run Number,BO Iter,Best Error,Exploration Bias,Max EI,Theta Max EI,Min Obj,Min Obj Act,Theta Min Obj,Min Obj Cum.,Theta Min Obj Cum.,Time/Iter,EP Method Val,BO Method,Max Evals,Total Run Time,L2 Norm Theta
11,5,1,5.342818885287204,0.016045025413277916,0.0,[-1.19233144  1.25504201],0.8657502734158982,0.07874873136103946,[ 1.0622883  -0.96572155],0.07874873136103946,[ 1.0622883  -0.96572155],0.23406171798706055,4,A1,2,0.4681234359741211,0.07109742621297405
240,7,1,1.6757533948317938,1.0,0.0,[-0.12469795  1.84466338],1.3372547282159797,-1.1187951566135075,[ 0.90785676 -0.91567406],-1.1187951566135075,[ 0.90785676 -0.91567406],0.10408973693847656,1,B1,2,0.20817947387695312,0.12490492949218683
499,3,4,2.0769964871736395e-06,5.342818885287204,7.596301051828149e-06,[ 1.00015374 -0.99979208],1.2842915742538922e-07,7.455035943218838e-07,[ 1.00010436 -0.99986317],7.455035943218838e-07,[ 1.00010436 -0.99986317],0.6256279945373535,4,A2,5,3.1281399726867676,0.0001720883416499951
2697,4,99,-20.836450374658444,0.0,52.302562458009426,[ 1.00000324 -0.99999524],-22.999822725751294,-21.054714442005366,[ 1.0000038  -0.99999589],-21.054714442005366,[ 1.0000038  -0.99999589],95.2218747138977,2,B2,100,9522.18747138977,5.596743529098733e-06
5291,1,1,5.342818885287204,0.6630671317392937,0.0,[-0.90236432  1.00990726],0.0005541471663529321,0.006628151547757269,[ 1.02569592 -0.99913653],0.006628151547757269,[ 1.02569592 -0.99913653],1.3247568607330322,4,C2,2,2.6495137214660645,0.025710421059313024
