,Run Number,BO Iter,Best Error,Exploration Bias,Max EI,Theta Max EI,Min Obj,Min Obj Act,Theta Min Obj,Min Obj Cum.,Theta Min Obj Cum.,Time/Iter,Sep Fact,BO Method,Max Evals,Total Run Time,L2 Norm Theta
161,5,1,5.342818885287204,0.016045025413277916,0.0,[-1.19233144  1.25504201],0.8657502734158982,0.07874873136103946,[ 1.0622883  -0.96572155],0.07874873136103946,[ 1.0622883  -0.96572155],0.23406171798706055,1.0,A1,2,0.4681234359741211,0.07109742621297405
563,5,8,8.079236098272544e-07,9.650632465771888,1.9065774942337264e-06,[ 1.61208186 -0.38727598],1.1033434535843971e-07,1.6003980117137566e-07,[ 0.99991373 -1.00005018],1.6003980117137566e-07,[ 0.99991373 -1.00005018],1.3205451965332031,0.6,A2,9,11.884906768798828,9.980290797399822e-05
335,2,1,2.2670234536977065,1.0,0.0,[-0.12469795  1.84466338],1.7158243016563572,-1.7629629141245433,[ 1.00479354 -1.07098179],-1.7629629141245433,[ 1.00479354 -1.07098179],0.12027645111083984,0.7,B1,2,0.2405529022216797,0.0711434623995161
9544,10,99,-21.234296567753237,0.0,52.28973115215015,[ 0.99999248 -1.00000076],-22.74254934433787,-21.98193581657077,[ 0.99999588 -1.00000183],-21.98193581657077,[ 0.99999588 -1.00000183],58.691675901412964,0.6,B2,100,5869.167590141296,4.509668660609009e-06
10292,2,33,3.650569689495974e-05,0.6699999999999999,0.0015033878628200302,[ 0.99872153 -1.00084381],5.8228050380408164e-09,7.59417633499766e-08,[ 1.00008269 -1.00001491],7.59417633499766e-08,[ 1.00008269 -1.00001491],1.8274242877960205,0.7,C2,34,62.1324257850647,8.40274753179712e-05
