,Method,Median SSE,Median Eval #,Median Time
0,1A,11.817013113777655,59.5,3.25465
1,1B,0.005698868516162215,100.0,10.0
2,2A,0.002943154686173603,100.0,39.2
3,2B,0.0029109843102118203,100.0,436.00000000000006
4,2C,0.26031433529144804,3.5,2.1525
