,Xexp,Yexp
0,-2.0,-14.003117836734875
1,-1.0,-2.9927099607638747
2,0.0,0.00217820788076002
3,1.0,0.9910090820345286
4,2.0,5.975132193483721
