,Xexp,Yexp
0,-2.0,-14.002898782883742
1,-1.0,-3.01362728445564
2,0.0,0.001306623907123542
3,1.0,0.9912239101165583
4,2.0,6.020962360468532
