,Xexp,Yexp
0,-2.0,-14.016232723535122
1,-1.0,-3.0004041079151538
2,0.0,-0.011229884982120313
3,1.0,0.9970219259850731
4,2.0,6.002961395663567
