,Xexp,Yexp
0,-2.0,-14.008843602865056
1,-1.0,-3.0226242038632245
2,0.0,-0.0026869638378642768
3,1.0,1.0046369211117303
4,2.0,6.00378729360391
