,Xexp,Yexp
0,-2.0,-12.375654636336758
1,-1.0,-3.6117564136500753
2,0.0,-0.5281717522634557
3,1.0,-0.0729686221561705
4,2.0,6.865407629324679
