,Theta 1,Theta 2,Xexp,Obj Value
count,100.0,100.0,100.0,100.0
mean,-0.002491469882150871,-0.02437482123369349,0.0,-0.04874964246738718
std,1.162188968255763,1.1568245459044142,1.4213381090374029,6.16696942776141
min,-1.976572513399335,-1.955506816584036,-2.0,-19.18076800631552
25%,-1.0056180744602046,-0.9949296014548247,-1.0,-2.116312852844559
50%,0.05578781027818085,-0.05713699198470035,0.0,0.0
75%,0.9870641369564412,0.9447699059557124,1.0,1.5837270774815002
max,1.815352358385956,1.987549300516668,2.0,18.67216264467505
