,Run Number,BO Iter,Best Error,Exploration Bias,Max EI,Theta Max EI,Min Obj,Min Obj Act,Theta Min Obj,Min Obj Cum.,Theta Min Obj Cum.,Time/Iter,EP Method Val,BO Method,Max Evals,Total Run Time,L2 Norm Theta
93,1,1,5.342818885287204,1.1241043588012527,0.0,[-0.90236432  1.00990726],0.0005541471898916606,0.006628150836117866,[ 1.02569592 -0.99913653],0.006628150836117866,[ 1.02569592 -0.99913653],15.352817296981812,4,C2,2,30.705634593963623,0.02571041972178974
