,Run Number,BO Iter,Best Error,Exploration Bias,Max EI,Theta Max EI,Min Obj,Min Obj Act,Theta Min Obj,Min Obj Cum.,Theta Min Obj Cum.,Time/Iter,EP Method Val,BO Method,Max Evals,Total Run Time,L2 Norm Theta
19,3,4,2.0769964871736395e-06,5.342818885287204,7.596301051828149e-06,[ 1.00015374 -0.99979208],1.2842915742538922e-07,7.455035943218838e-07,[ 1.00010436 -0.99986317],7.455035943218838e-07,[ 1.00010436 -0.99986317],0.6256279945373535,4,A2,5,3.1281399726867676,0.0001720883416499951
