,Xexp,Yexp
0,-2.0,-14.003117836734875
1,-1.0,-3.003117836734875
2,0.0,-0.003117836734875167
3,1.0,0.9968821632651248
4,2.0,5.996882163265125
