,X1exp,X2exp,Yexp
0,-0.9870249203970085,-1.3603148150051563,-5.084282751960885
1,1.5713182790912446,1.0222465917079822,-13.53405985875532
