,X1exp,X2exp,Yexp
0,-0.558,1.442,-146.69947811504065
1,-0.05,0.467,-80.7677381632106
2,0.623,0.028,-108.16663896798589
3,-0.82,0.62,-40.67072464639149
4,0.22,0.3,-72.22508356521764
