,Run Number,BO Iter,Best Error,Exploration Bias,Max EI,Theta Max EI,Min Obj,Min Obj Act,Theta Min Obj,Min Obj Cum.,Theta Min Obj Cum.,Time/Iter,EP Method Val,BO Method,Max Evals,Total Run Time,L2 Norm Theta
499,4,99,-20.836450374658444,0.0,52.302562458009426,[ 1.00000324 -0.99999524],-22.999822725751294,-21.054714442005366,[ 1.0000038  -0.99999589],-21.054714442005366,[ 1.0000038  -0.99999589],95.2218747138977,2,B2,100,9522.18747138977,5.596743529098733e-06
